{
  "$schema": "https://github.com/grafana/grafana/raw/main/docs/sources/developers/plugins/plugin.schema.json",
  "type": "datasource",
  "name": "JSON API",
  "id": "marcusolsson-json-datasource",
  "metrics": true,
  "logs": true,
  "annotations": true,
  "info": {
    "description": "A data source plugin for loading JSON APIs into Grafana.",
    "author": {
      "name": "Marcus Olsson",
      "email": "marcus.olsson@hey.com",
      "url": "https://marcus.se.net"
    },
    "keywords": ["json", "api"],
    "logos": {
      "small": "img/logo.svg",
      "large": "img/logo.svg"
    },
    "links": [
      {
        "name": "Documentation",
        "url": "https://marcusolsson.github.io/grafana-json-datasource"
      },
      {
        "name": "Website",
        "url": "https://github.com/marcusolsson/grafana-json-datasource"
      },
      {
        "name": "License",
        "url": "https://github.com/marcusolsson/grafana-json-datasource/blob/main/LICENSE"
      }
    ],
    "screenshots": [
      { "name": "Explore (Dark)", "path": "img/dark.png" },
      { "name": "Explore (Light)", "path": "img/light.png" }
    ],
    "version": "1.3.1",
    "updated": "2022-01-24"
  },
  "dependencies": {
    "grafanaDependency": ">=7.3.0",
    "grafanaVersion": "7.3.0",
    "plugins": []
  }
}
