{
  "$schema": "https://github.com/grafana/grafana/raw/main/docs/sources/developers/plugins/plugin.schema.json",
  "type": "datasource",
  "name": "CSV",
  "id": "marcusolsson-csv-datasource",
  "metrics": true,
  "backend": true,
  "logs": true,
  "alerting": true,
  "annotations": true,
  "executable": "gpx_csv-datasource",
  "info": {
    "description": "A data source for loading CSV data",
    "author": {
      "name": "Marcus Olsson",
      "email": "marcus.olsson@hey.com",
      "url": "https://marcus.se.net"
    },
    "keywords": ["csv"],
    "logos": {
      "small": "img/logo.svg",
      "large": "img/logo.svg"
    },
    "links": [
      {
        "name": "Documentation",
        "url": "https://marcusolsson.github.io/grafana-csv-datasource"
      },
      {
        "name": "Website",
        "url": "https://github.com/marcusolsson/grafana-csv-datasource"
      },
      {
        "name": "License",
        "url": "https://github.com/marcusolsson/grafana-csv-datasource/blob/main/LICENSE"
      }
    ],
    "screenshots": [
      { "name": "Explore (Dark)", "path": "img/dark.png" },
      { "name": "Explore (Light)", "path": "img/light.png" }
    ],
    "version": "0.6.1",
    "updated": "2021-06-22"
  },
  "dependencies": {
    "grafanaDependency": ">=7.3.0",
    "grafanaVersion": "7.3.0",
    "plugins": []
  }
}
